{"mean":{"confidence_interval":{"confidence_level":0.95,"lower_bound":-0.0529408132163472,"upper_bound":-0.029814682446331477},"point_estimate":-0.041803099139194666,"standard_error":0.005878794885394247},"median":{"confidence_interval":{"confidence_level":0.95,"lower_bound":-0.05191679933106619,"upper_bound":-0.02489452628529032},"point_estimate":-0.0406821747851519,"standard_error":0.006152226596143318}}